QueryId,DocumentId
2,1
2,7
2,8
2,20
2,22
2,23
2,25
2,27
2,31
2,32
2,35
2,38
2,39
2,41
2,46
2,47
2,48
2,53
2,54
2,56
2,58
2,61
2,63
2,68
2,70
2,71
2,73
2,78
2,79
2,80
2,81
2,86
2,87
2,89
2,92
2,93
2,94
2,99
2,100
2,103
2,115
2,117
2,118
2,121
2,128
2,131
2,135
2,139
2,148
2,150
2,151
2,155
2,156
2,157
2,159
2,164
2,168
2,169
2,170
2,173
2,174
2,182
2,183
2,184
2,185
2,186
2,189
2,190
2,192
2,193
2,194
2,195
2,198
2,199
2,202
2,205
2,207
2,210
2,217
2,219
2,224
2,226
2,227
2,228
2,230
2,233
2,234
2,236
2,239
2,242
2,247
2,251
2,253
2,254
2,257
2,258
2,259
2,261
2,265
2,267
2,268
2,269
2,271
2,272
2,275
2,276
2,277
2,279
2,280
2,285
2,288
2,290
2,291
2,293
2,294
2,295
2,303
2,304
2,305
2,306
2,307
2,308
2,309
2,315
2,316
2,318
2,320
2,322
2,323
2,324
2,325
2,326
2,328
2,329
2,334
2,335
2,338
2,339
2,341
2,342
2,343
2,344
2,348
2,350
2,356
2,358
2,359
2,360
2,363
2,364
2,365
2,370
2,378
2,379
2,380
2,381
2,385
2,386
2,388
2,390
2,396
2,397
2,401
2,403
2,404
2,406
2,408
2,409
2,410
2,413
2,419
2,420
2,421
2,422
2,424
2,425
3,1
3,7
3,8
3,20
3,22
3,23
3,25
3,27
3,31
3,32
3,35
3,38
3,39
3,41
3,46
3,47
3,48
3,53
3,54
3,56
3,58
3,61
3,63
3,68
3,70
3,71
3,73
3,78
3,79
3,80
3,81
3,86
3,87
3,89
3,92
3,93
3,94
3,99
3,100
3,103
3,115
3,117
3,118
3,121
3,128
3,131
3,135
3,139
3,148
3,150
3,151
3,155
3,156
3,157
3,159
3,164
3,168
3,169
3,170
3,173
3,174
3,182
3,183
3,184
3,185
3,186
3,189
3,190
3,192
3,193
3,194
3,195
3,198
3,199
3,202
3,205
3,207
3,210
3,217
3,219
3,224
3,226
3,227
3,228
3,230
3,233
3,234
3,236
3,239
3,242
3,247
3,251
3,253
3,254
3,257
3,258
3,259
3,261
3,265
3,267
3,268
3,269
3,271
3,272
3,275
3,276
3,277
3,279
3,280
3,285
3,288
3,290
3,291
3,293
3,294
3,295
3,303
3,304
3,305
3,306
3,307
3,308
3,309
3,315
3,316
3,318
3,320
3,322
3,323
3,324
3,325
3,326
3,328
3,329
3,334
3,335
3,338
3,339
3,341
3,342
3,343
3,344
3,348
3,350
3,356
3,358
3,359
3,360
3,363
3,364
3,365
3,370
3,378
3,379
3,380
3,381
3,385
3,386
3,388
3,390
3,396
3,397
3,401
3,403
3,404
3,406
3,408
3,409
3,410
3,413
3,419
3,420
3,421
3,422
3,424
3,425
4,1
4,7
4,8
4,20
4,22
4,23
4,25
4,27
4,31
4,32
4,35
4,38
4,39
4,41
4,46
4,47
4,48
4,53
4,54
4,56
4,58
4,61
4,63
4,68
4,70
4,71
4,73
4,78
4,79
4,80
4,81
4,86
4,87
4,89
4,92
4,93
4,94
4,99
4,100
4,103
4,115
4,117
4,118
4,121
4,128
4,131
4,135
4,139
4,148
4,150
4,151
4,155
4,156
4,157
4,159
4,164
4,168
4,169
4,170
4,173
4,174
4,182
4,183
4,184
4,185
4,186
4,189
4,190
4,192
4,193
4,194
4,195
4,198
4,199
4,202
4,205
4,207
4,210
4,217
4,219
4,224
4,226
4,227
4,228
4,230
4,233
4,234
4,236
4,239
4,242
4,247
4,251
4,253
4,254
4,257
4,258
4,259
4,261
4,265
4,267
4,268
4,269
4,271
4,272
4,275
4,276
4,277
4,279
4,280
4,285
4,288
4,290
4,291
4,293
4,294
4,295
4,303
4,304
4,305
4,306
4,307
4,308
4,309
4,315
4,316
4,318
4,320
4,322
4,323
4,324
4,325
4,326
4,328
4,329
4,334
4,335
4,338
4,339
4,341
4,342
4,343
4,344
4,348
4,350
4,356
4,358
4,359
4,360
4,363
4,364
4,365
4,370
4,378
4,379
4,380
4,381
4,385
4,386
4,388
4,390
4,396
4,397
4,401
4,403
4,404
4,406
4,408
4,409
4,410
4,413
4,419
4,420
4,421
4,422
4,424
4,425
5,1
5,7
5,8
5,20
5,22
5,23
5,25
5,27
5,31
5,32
5,35
5,38
5,39
5,41
5,46
5,47
5,48
5,53
5,54
5,56
5,58
5,61
5,63
5,68
5,70
5,71
5,73
5,78
5,79
5,80
5,81
5,86
5,87
5,89
5,92
5,93
5,94
5,99
5,100
5,103
5,115
5,117
5,118
5,121
5,128
5,131
5,135
5,139
5,148
5,150
5,151
5,155
5,156
5,157
5,159
5,164
5,168
5,169
5,170
5,173
5,174
5,182
5,183
5,184
5,185
5,186
5,189
5,190
5,192
5,193
5,194
5,195
5,198
5,199
5,202
5,205
5,207
5,210
5,217
5,219
5,224
5,226
5,227
5,228
5,230
5,233
5,234
5,236
5,239
5,242
5,247
5,251
5,253
5,254
5,257
5,258
5,259
5,261
5,265
5,267
5,268
5,269
5,271
5,272
5,275
5,276
5,277
5,279
5,280
5,285
5,288
5,290
5,291
5,293
5,294
5,295
5,303
5,304
5,305
5,306
5,307
5,308
5,309
5,315
5,316
5,318
5,320
5,322
5,323
5,324
5,325
5,326
5,328
5,329
5,334
5,335
5,338
5,339
5,341
5,342
5,343
5,344
5,348
5,350
5,356
5,358
5,359
5,360
5,363
5,364
5,365
5,370
5,378
5,379
5,380
5,381
5,385
5,386
5,388
5,390
5,396
5,397
5,401
5,403
5,404
5,406
5,408
5,409
5,410
5,413
5,419
5,420
5,421
5,422
5,424
5,425
6,1
6,7
6,8
6,20
6,22
6,23
6,25
6,27
6,31
6,32
6,35
6,38
6,39
6,41
6,46
6,47
6,48
6,53
6,54
6,56
6,58
6,61
6,63
6,68
6,70
6,71
6,73
6,78
6,79
6,80
6,81
6,86
6,87
6,89
6,92
6,93
6,94
6,99
6,100
6,103
6,115
6,117
6,118
6,121
6,128
6,131
6,135
6,139
6,148
6,150
6,151
6,155
6,156
6,157
6,159
6,164
6,168
6,169
6,170
6,173
6,174
6,182
6,183
6,184
6,185
6,186
6,189
6,190
6,192
6,193
6,194
6,195
6,198
6,199
6,202
6,205
6,207
6,210
6,217
6,219
6,224
6,226
6,227
6,228
6,230
6,233
6,234
6,236
6,239
6,242
6,247
6,251
6,253
6,254
6,257
6,258
6,259
6,261
6,265
6,267
6,268
6,269
6,271
6,272
6,275
6,276
6,277
6,279
6,280
6,285
6,288
6,290
6,291
6,293
6,294
6,295
6,303
6,304
6,305
6,306
6,307
6,308
6,309
6,315
6,316
6,318
6,320
6,322
6,323
6,324
6,325
6,326
6,328
6,329
6,334
6,335
6,338
6,339
6,341
6,342
6,343
6,344
6,348
6,350
6,356
6,358
6,359
6,360
6,363
6,364
6,365
6,370
6,378
6,379
6,380
6,381
6,385
6,386
6,388
6,390
6,396
6,397
6,401
6,403
6,404
6,406
6,408
6,409
6,410
6,413
6,419
6,420
6,421
6,422
6,424
6,425
7,1
7,7
7,8
7,20
7,22
7,23
7,25
7,27
7,31
7,32
7,35
7,38
7,39
7,41
7,46
7,47
7,48
7,53
7,54
7,56
7,58
7,61
7,63
7,68
7,70
7,71
7,73
7,78
7,79
7,80
7,81
7,86
7,87
7,89
7,92
7,93
7,94
7,99
7,100
7,103
7,115
7,117
7,118
7,121
7,128
7,131
7,135
7,139
7,148
7,150
7,151
7,155
7,156
7,157
7,159
7,164
7,168
7,169
7,170
7,173
7,174
7,182
7,183
7,184
7,185
7,186
7,189
7,190
7,192
7,193
7,194
7,195
7,198
7,199
7,202
7,205
7,207
7,210
7,217
7,219
7,224
7,226
7,227
7,228
7,230
7,233
7,234
7,236
7,239
7,242
7,247
7,251
7,253
7,254
7,257
7,258
7,259
7,261
7,265
7,267
7,268
7,269
7,271
7,272
7,275
7,276
7,277
7,279
7,280
7,285
7,288
7,290
7,291
7,293
7,294
7,295
7,303
7,304
7,305
7,306
7,307
7,308
7,309
7,315
7,316
7,318
7,320
7,322
7,323
7,324
7,325
7,326
7,328
7,329
7,334
7,335
7,338
7,339
7,341
7,342
7,343
7,344
7,348
7,350
7,356
7,358
7,359
7,360
7,363
7,364
7,365
7,370
7,378
7,379
7,380
7,381
7,385
7,386
7,388
7,390
7,396
7,397
7,401
7,403
7,404
7,406
7,408
7,409
7,410
7,413
7,419
7,420
7,421
7,422
7,424
7,425
8,1
8,7
8,8
8,20
8,22
8,23
8,25
8,27
8,31
8,32
8,35
8,38
8,39
8,41
8,46
8,47
8,48
8,53
8,54
8,56
8,58
8,61
8,63
8,68
8,70
8,71
8,73
8,78
8,79
8,80
8,81
8,86
8,87
8,89
8,92
8,93
8,94
8,99
8,100
8,103
8,115
8,117
8,118
8,121
8,128
8,131
8,135
8,139
8,148
8,150
8,151
8,155
8,156
8,157
8,159
8,164
8,168
8,169
8,170
8,173
8,174
8,182
8,183
8,184
8,185
8,186
8,189
8,190
8,192
8,193
8,194
8,195
8,198
8,199
8,202
8,205
8,207
8,210
8,217
8,219
8,224
8,226
8,227
8,228
8,230
8,233
8,234
8,236
8,239
8,242
8,247
8,251
8,253
8,254
8,257
8,258
8,259
8,261
8,265
8,267
8,268
8,269
8,271
8,272
8,275
8,276
8,277
8,279
8,280
8,285
8,288
8,290
8,291
8,293
8,294
8,295
8,303
8,304
8,305
8,306
8,307
8,308
8,309
8,315
8,316
8,318
8,320
8,322
8,323
8,324
8,325
8,326
8,328
8,329
8,334
8,335
8,338
8,339
8,341
8,342
8,343
8,344
8,348
8,350
8,356
8,358
8,359
8,360
8,363
8,364
8,365
8,370
8,378
8,379
8,380
8,381
8,385
8,386
8,388
8,390
8,396
8,397
8,401
8,403
8,404
8,406
8,408
8,409
8,410
8,413
8,419
8,420
8,421
8,422
8,424
8,425
9,1
9,7
9,8
9,20
9,22
9,23
9,25
9,27
9,31
9,32
9,35
9,38
9,39
9,41
9,46
9,47
9,48
9,53
9,54
9,56
9,58
9,61
9,63
9,68
9,70
9,71
9,73
9,78
9,79
9,80
9,81
9,86
9,87
9,89
9,92
9,93
9,94
9,99
9,100
9,103
9,115
9,117
9,118
9,121
9,128
9,131
9,135
9,139
9,148
9,150
9,151
9,155
9,156
9,157
9,159
9,164
9,168
9,169
9,170
9,173
9,174
9,182
9,183
9,184
9,185
9,186
9,189
9,190
9,192
9,193
9,194
9,195
9,198
9,199
9,202
9,205
9,207
9,210
9,217
9,219
9,224
9,226
9,227
9,228
9,230
9,233
9,234
9,236
9,239
9,242
9,247
9,251
9,253
9,254
9,257
9,258
9,259
9,261
9,265
9,267
9,268
9,269
9,271
9,272
9,275
9,276
9,277
9,279
9,280
9,285
9,288
9,290
9,291
9,293
9,294
9,295
9,303
9,304
9,305
9,306
9,307
9,308
9,309
9,315
9,316
9,318
9,320
9,322
9,323
9,324
9,325
9,326
9,328
9,329
9,334
9,335
9,338
9,339
9,341
9,342
9,343
9,344
9,348
9,350
9,356
9,358
9,359
9,360
9,363
9,364
9,365
9,370
9,378
9,379
9,380
9,381
9,385
9,386
9,388
9,390
9,396
9,397
9,401
9,403
9,404
9,406
9,408
9,409
9,410
9,413
9,419
9,420
9,421
9,422
9,424
9,425
14,1
14,7
14,8
14,20
14,22
14,23
14,25
14,27
14,31
14,32
14,35
14,38
14,39
14,41
14,46
14,47
14,48
14,53
14,54
14,56
14,58
14,61
14,63
14,68
14,70
14,71
14,73
14,78
14,79
14,80
14,81
14,86
14,87
14,89
14,92
14,93
14,94
14,99
14,100
14,103
14,115
14,117
14,118
14,121
14,128
14,131
14,135
14,139
14,148
14,150
14,151
14,155
14,156
14,157
14,159
14,164
14,168
14,169
14,170
14,173
14,174
14,182
14,183
14,184
14,185
14,186
14,189
14,190
14,192
14,193
14,194
14,195
14,198
14,199
14,202
14,205
14,207
14,210
14,217
14,219
14,224
14,226
14,227
14,228
14,230
14,233
14,234
14,236
14,239
14,242
14,247
14,251
14,253
14,254
14,257
14,258
14,259
14,261
14,265
14,267
14,268
14,269
14,271
14,272
14,275
14,276
14,277
14,279
14,280
14,285
14,288
14,290
14,291
14,293
14,294
14,295
14,303
14,304
14,305
14,306
14,307
14,308
14,309
14,315
14,316
14,318
14,320
14,322
14,323
14,324
14,325
14,326
14,328
14,329
14,334
14,335
14,338
14,339
14,341
14,342
14,343
14,344
14,348
14,350
14,356
14,358
14,359
14,360
14,363
14,364
14,365
14,370
14,378
14,379
14,380
14,381
14,385
14,386
14,388
14,390
14,396
14,397
14,401
14,403
14,404
14,406
14,408
14,409
14,410
14,413
14,419
14,420
14,421
14,422
14,424
14,425
17,1
17,7
17,8
17,20
17,22
17,23
17,25
17,27
17,31
17,32
17,35
17,38
17,39
17,41
17,46
17,47
17,48
17,53
17,54
17,56
17,58
17,61
17,63
17,68
17,70
17,71
17,73
17,78
17,79
17,80
17,81
17,86
17,87
17,89
17,92
17,93
17,94
17,99
17,100
17,103
17,115
17,117
17,118
17,121
17,128
17,131
17,135
17,139
17,148
17,150
17,151
17,155
17,156
17,157
17,159
17,164
17,168
17,169
17,170
17,173
17,174
17,182
17,183
17,184
17,185
17,186
17,189
17,190
17,192
17,193
17,194
17,195
17,198
17,199
17,202
17,205
17,207
17,210
17,217
17,219
17,224
17,226
17,227
17,228
17,230
17,233
17,234
17,236
17,239
17,242
17,247
17,251
17,253
17,254
17,257
17,258
17,259
17,261
17,265
17,267
17,268
17,269
17,271
17,272
17,275
17,276
17,277
17,279
17,280
17,285
17,288
17,290
17,291
17,293
17,294
17,295
17,303
17,304
17,305
17,306
17,307
17,308
17,309
17,315
17,316
17,318
17,320
17,322
17,323
17,324
17,325
17,326
17,328
17,329
17,334
17,335
17,338
17,339
17,341
17,342
17,343
17,344
17,348
17,350
17,356
17,358
17,359
17,360
17,363
17,364
17,365
17,370
17,378
17,379
17,380
17,381
17,385
17,386
17,388
17,390
17,396
17,397
17,401
17,403
17,404
17,406
17,408
17,409
17,410
17,413
17,419
17,420
17,421
17,422
17,424
17,425
20,1
20,7
20,8
20,20
20,22
20,23
20,25
20,27
20,31
20,32
20,35
20,38
20,39
20,41
20,46
20,47
20,48
20,53
20,54
20,56
20,58
20,61
20,63
20,68
20,70
20,71
20,73
20,78
20,79
20,80
20,81
20,86
20,87
20,89
20,92
20,93
20,94
20,99
20,100
20,103
20,115
20,117
20,118
20,121
20,128
20,131
20,135
20,139
20,148
20,150
20,151
20,155
20,156
20,157
20,159
20,164
20,168
20,169
20,170
20,173
20,174
20,182
20,183
20,184
20,185
20,186
20,189
20,190
20,192
20,193
20,194
20,195
20,198
20,199
20,202
20,205
20,207
20,210
20,217
20,219
20,224
20,226
20,227
20,228
20,230
20,233
20,234
20,236
20,239
20,242
20,247
20,251
20,253
20,254
20,257
20,258
20,259
20,261
20,265
20,267
20,268
20,269
20,271
20,272
20,275
20,276
20,277
20,279
20,280
20,285
20,288
20,290
20,291
20,293
20,294
20,295
20,303
20,304
20,305
20,306
20,307
20,308
20,309
20,315
20,316
20,318
20,320
20,322
20,323
20,324
20,325
20,326
20,328
20,329
20,334
20,335
20,338
20,339
20,341
20,342
20,343
20,344
20,348
20,350
20,356
20,358
20,359
20,360
20,363
20,364
20,365
20,370
20,378
20,379
20,380
20,381
20,385
20,386
20,388
20,390
20,396
20,397
20,401
20,403
20,404
20,406
20,408
20,409
20,410
20,413
20,419
20,420
20,421
20,422
20,424
20,425
22,1
22,7
22,8
22,20
22,22
22,23
22,25
22,27
22,31
22,32
22,35
22,38
22,39
22,41
22,46
22,47
22,48
22,53
22,54
22,56
22,58
22,61
22,63
22,68
22,70
22,71
22,73
22,78
22,79
22,80
22,81
22,86
22,87
22,89
22,92
22,93
22,94
22,99
22,100
22,103
22,115
22,117
22,118
22,121
22,128
22,131
22,135
22,139
22,148
22,150
22,151
22,155
22,156
22,157
22,159
22,164
22,168
22,169
22,170
22,173
22,174
22,182
22,183
22,184
22,185
22,186
22,189
22,190
22,192
22,193
22,194
22,195
22,198
22,199
22,202
22,205
22,207
22,210
22,217
22,219
22,224
22,226
22,227
22,228
22,230
22,233
22,234
22,236
22,239
22,242
22,247
22,251
22,253
22,254
22,257
22,258
22,259
22,261
22,265
22,267
22,268
22,269
22,271
22,272
22,275
22,276
22,277
22,279
22,280
22,285
22,288
22,290
22,291
22,293
22,294
22,295
22,303
22,304
22,305
22,306
22,307
22,308
22,309
22,315
22,316
22,318
22,320
22,322
22,323
22,324
22,325
22,326
22,328
22,329
22,334
22,335
22,338
22,339
22,341
22,342
22,343
22,344
22,348
22,350
22,356
22,358
22,359
22,360
22,363
22,364
22,365
22,370
22,378
22,379
22,380
22,381
22,385
22,386
22,388
22,390
22,396
22,397
22,401
22,403
22,404
22,406
22,408
22,409
22,410
22,413
22,419
22,420
22,421
22,422
22,424
22,425
23,1
23,7
23,8
23,20
23,22
23,23
23,25
23,27
23,31
23,32
23,35
23,38
23,39
23,41
23,46
23,47
23,48
23,53
23,54
23,56
23,58
23,61
23,63
23,68
23,70
23,71
23,73
23,78
23,79
23,80
23,81
23,86
23,87
23,89
23,92
23,93
23,94
23,99
23,100
23,103
23,115
23,117
23,118
23,121
23,128
23,131
23,135
23,139
23,148
23,150
23,151
23,155
23,156
23,157
23,159
23,164
23,168
23,169
23,170
23,173
23,174
23,182
23,183
23,184
23,185
23,186
23,189
23,190
23,192
23,193
23,194
23,195
23,198
23,199
23,202
23,205
23,207
23,210
23,217
23,219
23,224
23,226
23,227
23,228
23,230
23,233
23,234
23,236
23,239
23,242
23,247
23,251
23,253
23,254
23,257
23,258
23,259
23,261
23,265
23,267
23,268
23,269
23,271
23,272
23,275
23,276
23,277
23,279
23,280
23,285
23,288
23,290
23,291
23,293
23,294
23,295
23,303
23,304
23,305
23,306
23,307
23,308
23,309
23,315
23,316
23,318
23,320
23,322
23,323
23,324
23,325
23,326
23,328
23,329
23,334
23,335
23,338
23,339
23,341
23,342
23,343
23,344
23,348
23,350
23,356
23,358
23,359
23,360
23,363
23,364
23,365
23,370
23,378
23,379
23,380
23,381
23,385
23,386
23,388
23,390
23,396
23,397
23,401
23,403
23,404
23,406
23,408
23,409
23,410
23,413
23,419
23,420
23,421
23,422
23,424
23,425
27,1
27,7
27,8
27,20
27,22
27,23
27,25
27,27
27,31
27,32
27,35
27,38
27,39
27,41
27,46
27,47
27,48
27,53
27,54
27,56
27,58
27,61
27,63
27,68
27,70
27,71
27,73
27,78
27,79
27,80
27,81
27,86
27,87
27,89
27,92
27,93
27,94
27,99
27,100
27,103
27,115
27,117
27,118
27,121
27,128
27,131
27,135
27,139
27,148
27,150
27,151
27,155
27,156
27,157
27,159
27,164
27,168
27,169
27,170
27,173
27,174
27,182
27,183
27,184
27,185
27,186
27,189
27,190
27,192
27,193
27,194
27,195
27,198
27,199
27,202
27,205
27,207
27,210
27,217
27,219
27,224
27,226
27,227
27,228
27,230
27,233
27,234
27,236
27,239
27,242
27,247
27,251
27,253
27,254
27,257
27,258
27,259
27,261
27,265
27,267
27,268
27,269
27,271
27,272
27,275
27,276
27,277
27,279
27,280
27,285
27,288
27,290
27,291
27,293
27,294
27,295
27,303
27,304
27,305
27,306
27,307
27,308
27,309
27,315
27,316
27,318
27,320
27,322
27,323
27,324
27,325
27,326
27,328
27,329
27,334
27,335
27,338
27,339
27,341
27,342
27,343
27,344
27,348
27,350
27,356
27,358
27,359
27,360
27,363
27,364
27,365
27,370
27,378
27,379
27,380
27,381
27,385
27,386
27,388
27,390
27,396
27,397
27,401
27,403
27,404
27,406
27,408
27,409
27,410
27,413
27,419
27,420
27,421
27,422
27,424
27,425
28,1
28,7
28,8
28,20
28,22
28,23
28,25
28,27
28,31
28,32
28,35
28,38
28,39
28,41
28,46
28,47
28,48
28,53
28,54
28,56
28,58
28,61
28,63
28,68
28,70
28,71
28,73
28,78
28,79
28,80
28,81
28,86
28,87
28,89
28,92
28,93
28,94
28,99
28,100
28,103
28,115
28,117
28,118
28,121
28,128
28,131
28,135
28,139
28,148
28,150
28,151
28,155
28,156
28,157
28,159
28,164
28,168
28,169
28,170
28,173
28,174
28,182
28,183
28,184
28,185
28,186
28,189
28,190
28,192
28,193
28,194
28,195
28,198
28,199
28,202
28,205
28,207
28,210
28,217
28,219
28,224
28,226
28,227
28,228
28,230
28,233
28,234
28,236
28,239
28,242
28,247
28,251
28,253
28,254
28,257
28,258
28,259
28,261
28,265
28,267
28,268
28,269
28,271
28,272
28,275
28,276
28,277
28,279
28,280
28,285
28,288
28,290
28,291
28,293
28,294
28,295
28,303
28,304
28,305
28,306
28,307
28,308
28,309
28,315
28,316
28,318
28,320
28,322
28,323
28,324
28,325
28,326
28,328
28,329
28,334
28,335
28,338
28,339
28,341
28,342
28,343
28,344
28,348
28,350
28,356
28,358
28,359
28,360
28,363
28,364
28,365
28,370
28,378
28,379
28,380
28,381
28,385
28,386
28,388
28,390
28,396
28,397
28,401
28,403
28,404
28,406
28,408
28,409
28,410
28,413
28,419
28,420
28,421
28,422
28,424
28,425
29,1
29,7
29,8
29,20
29,22
29,23
29,25
29,27
29,31
29,32
29,35
29,38
29,39
29,41
29,46
29,47
29,48
29,53
29,54
29,56
29,58
29,61
29,63
29,68
29,70
29,71
29,73
29,78
29,79
29,80
29,81
29,86
29,87
29,89
29,92
29,93
29,94
29,99
29,100
29,103
29,115
29,117
29,118
29,121
29,128
29,131
29,135
29,139
29,148
29,150
29,151
29,155
29,156
29,157
29,159
29,164
29,168
29,169
29,170
29,173
29,174
29,182
29,183
29,184
29,185
29,186
29,189
29,190
29,192
29,193
29,194
29,195
29,198
29,199
29,202
29,205
29,207
29,210
29,217
29,219
29,224
29,226
29,227
29,228
29,230
29,233
29,234
29,236
29,239
29,242
29,247
29,251
29,253
29,254
29,257
29,258
29,259
29,261
29,265
29,267
29,268
29,269
29,271
29,272
29,275
29,276
29,277
29,279
29,280
29,285
29,288
29,290
29,291
29,293
29,294
29,295
29,303
29,304
29,305
29,306
29,307
29,308
29,309
29,315
29,316
29,318
29,320
29,322
29,323
29,324
29,325
29,326
29,328
29,329
29,334
29,335
29,338
29,339
29,341
29,342
29,343
29,344
29,348
29,350
29,356
29,358
29,359
29,360
29,363
29,364
29,365
29,370
29,378
29,379
29,380
29,381
29,385
29,386
29,388
29,390
29,396
29,397
29,401
29,403
29,404
29,406
29,408
29,409
29,410
29,413
29,419
29,420
29,421
29,422
29,424
29,425
31,1
31,7
31,8
31,20
31,22
31,23
31,25
31,27
31,31
31,32
31,35
31,38
31,39
31,41
31,46
31,47
31,48
31,53
31,54
31,56
31,58
31,61
31,63
31,68
31,70
31,71
31,73
31,78
31,79
31,80
31,81
31,86
31,87
31,89
31,92
31,93
31,94
31,99
31,100
31,103
31,115
31,117
31,118
31,121
31,128
31,131
31,135
31,139
31,148
31,150
31,151
31,155
31,156
31,157
31,159
31,164
31,168
31,169
31,170
31,173
31,174
31,182
31,183
31,184
31,185
31,186
31,189
31,190
31,192
31,193
31,194
31,195
31,198
31,199
31,202
31,205
31,207
31,210
31,217
31,219
31,224
31,226
31,227
31,228
31,230
31,233
31,234
31,236
31,239
31,242
31,247
31,251
31,253
31,254
31,257
31,258
31,259
31,261
31,265
31,267
31,268
31,269
31,271
31,272
31,275
31,276
31,277
31,279
31,280
31,285
31,288
31,290
31,291
31,293
31,294
31,295
31,303
31,304
31,305
31,306
31,307
31,308
31,309
31,315
31,316
31,318
31,320
31,322
31,323
31,324
31,325
31,326
31,328
31,329
31,334
31,335
31,338
31,339
31,341
31,342
31,343
31,344
31,348
31,350
31,356
31,358
31,359
31,360
31,363
31,364
31,365
31,370
31,378
31,379
31,380
31,381
31,385
31,386
31,388
31,390
31,396
31,397
31,401
31,403
31,404
31,406
31,408
31,409
31,410
31,413
31,419
31,420
31,421
31,422
31,424
31,425
36,1
36,7
36,8
36,20
36,22
36,23
36,25
36,27
36,31
36,32
36,35
36,38
36,39
36,41
36,46
36,47
36,48
36,53
36,54
36,56
36,58
36,61
36,63
36,68
36,70
36,71
36,73
36,78
36,79
36,80
36,81
36,86
36,87
36,89
36,92
36,93
36,94
36,99
36,100
36,103
36,115
36,117
36,118
36,121
36,128
36,131
36,135
36,139
36,148
36,150
36,151
36,155
36,156
36,157
36,159
36,164
36,168
36,169
36,170
36,173
36,174
36,182
36,183
36,184
36,185
36,186
36,189
36,190
36,192
36,193
36,194
36,195
36,198
36,199
36,202
36,205
36,207
36,210
36,217
36,219
36,224
36,226
36,227
36,228
36,230
36,233
36,234
36,236
36,239
36,242
36,247
36,251
36,253
36,254
36,257
36,258
36,259
36,261
36,265
36,267
36,268
36,269
36,271
36,272
36,275
36,276
36,277
36,279
36,280
36,285
36,288
36,290
36,291
36,293
36,294
36,295
36,303
36,304
36,305
36,306
36,307
36,308
36,309
36,315
36,316
36,318
36,320
36,322
36,323
36,324
36,325
36,326
36,328
36,329
36,334
36,335
36,338
36,339
36,341
36,342
36,343
36,344
36,348
36,350
36,356
36,358
36,359
36,360
36,363
36,364
36,365
36,370
36,378
36,379
36,380
36,381
36,385
36,386
36,388
36,390
36,396
36,397
36,401
36,403
36,404
36,406
36,408
36,409
36,410
36,413
36,419
36,420
36,421
36,422
36,424
36,425
38,1
38,7
38,8
38,20
38,22
38,23
38,25
38,27
38,31
38,32
38,35
38,38
38,39
38,41
38,46
38,47
38,48
38,53
38,54
38,56
38,58
38,61
38,63
38,68
38,70
38,71
38,73
38,78
38,79
38,80
38,81
38,86
38,87
38,89
38,92
38,93
38,94
38,99
38,100
38,103
38,115
38,117
38,118
38,121
38,128
38,131
38,135
38,139
38,148
38,150
38,151
38,155
38,156
38,157
38,159
38,164
38,168
38,169
38,170
38,173
38,174
38,182
38,183
38,184
38,185
38,186
38,189
38,190
38,192
38,193
38,194
38,195
38,198
38,199
38,202
38,205
38,207
38,210
38,217
38,219
38,224
38,226
38,227
38,228
38,230
38,233
38,234
38,236
38,239
38,242
38,247
38,251
38,253
38,254
38,257
38,258
38,259
38,261
38,265
38,267
38,268
38,269
38,271
38,272
38,275
38,276
38,277
38,279
38,280
38,285
38,288
38,290
38,291
38,293
38,294
38,295
38,303
38,304
38,305
38,306
38,307
38,308
38,309
38,315
38,316
38,318
38,320
38,322
38,323
38,324
38,325
38,326
38,328
38,329
38,334
38,335
38,338
38,339
38,341
38,342
38,343
38,344
38,348
38,350
38,356
38,358
38,359
38,360
38,363
38,364
38,365
38,370
38,378
38,379
38,380
38,381
38,385
38,386
38,388
38,390
38,396
38,397
38,401
38,403
38,404
38,406
38,408
38,409
38,410
38,413
38,419
38,420
38,421
38,422
38,424
38,425
39,1
39,7
39,8
39,20
39,22
39,23
39,25
39,27
39,31
39,32
39,35
39,38
39,39
39,41
39,46
39,47
39,48
39,53
39,54
39,56
39,58
39,61
39,63
39,68
39,70
39,71
39,73
39,78
39,79
39,80
39,81
39,86
39,87
39,89
39,92
39,93
39,94
39,99
39,100
39,103
39,115
39,117
39,118
39,121
39,128
39,131
39,135
39,139
39,148
39,150
39,151
39,155
39,156
39,157
39,159
39,164
39,168
39,169
39,170
39,173
39,174
39,182
39,183
39,184
39,185
39,186
39,189
39,190
39,192
39,193
39,194
39,195
39,198
39,199
39,202
39,205
39,207
39,210
39,217
39,219
39,224
39,226
39,227
39,228
39,230
39,233
39,234
39,236
39,239
39,242
39,247
39,251
39,253
39,254
39,257
39,258
39,259
39,261
39,265
39,267
39,268
39,269
39,271
39,272
39,275
39,276
39,277
39,279
39,280
39,285
39,288
39,290
39,291
39,293
39,294
39,295
39,303
39,304
39,305
39,306
39,307
39,308
39,309
39,315
39,316
39,318
39,320
39,322
39,323
39,324
39,325
39,326
39,328
39,329
39,334
39,335
39,338
39,339
39,341
39,342
39,343
39,344
39,348
39,350
39,356
39,358
39,359
39,360
39,363
39,364
39,365
39,370
39,378
39,379
39,380
39,381
39,385
39,386
39,388
39,390
39,396
39,397
39,401
39,403
39,404
39,406
39,408
39,409
39,410
39,413
39,419
39,420
39,421
39,422
39,424
39,425
42,1
42,7
42,8
42,20
42,22
42,23
42,25
42,27
42,31
42,32
42,35
42,38
42,39
42,41
42,46
42,47
42,48
42,53
42,54
42,56
42,58
42,61
42,63
42,68
42,70
42,71
42,73
42,78
42,79
42,80
42,81
42,86
42,87
42,89
42,92
42,93
42,94
42,99
42,100
42,103
42,115
42,117
42,118
42,121
42,128
42,131
42,135
42,139
42,148
42,150
42,151
42,155
42,156
42,157
42,159
42,164
42,168
42,169
42,170
42,173
42,174
42,182
42,183
42,184
42,185
42,186
42,189
42,190
42,192
42,193
42,194
42,195
42,198
42,199
42,202
42,205
42,207
42,210
42,217
42,219
42,224
42,226
42,227
42,228
42,230
42,233
42,234
42,236
42,239
42,242
42,247
42,251
42,253
42,254
42,257
42,258
42,259
42,261
42,265
42,267
42,268
42,269
42,271
42,272
42,275
42,276
42,277
42,279
42,280
42,285
42,288
42,290
42,291
42,293
42,294
42,295
42,303
42,304
42,305
42,306
42,307
42,308
42,309
42,315
42,316
42,318
42,320
42,322
42,323
42,324
42,325
42,326
42,328
42,329
42,334
42,335
42,338
42,339
42,341
42,342
42,343
42,344
42,348
42,350
42,356
42,358
42,359
42,360
42,363
42,364
42,365
42,370
42,378
42,379
42,380
42,381
42,385
42,386
42,388
42,390
42,396
42,397
42,401
42,403
42,404
42,406
42,408
42,409
42,410
42,413
42,419
42,420
42,421
42,422
42,424
42,425
43,1
43,7
43,8
43,20
43,22
43,23
43,25
43,27
43,31
43,32
43,35
43,38
43,39
43,41
43,46
43,47
43,48
43,53
43,54
43,56
43,58
43,61
43,63
43,68
43,70
43,71
43,73
43,78
43,79
43,80
43,81
43,86
43,87
43,89
43,92
43,93
43,94
43,99
43,100
43,103
43,115
43,117
43,118
43,121
43,128
43,131
43,135
43,139
43,148
43,150
43,151
43,155
43,156
43,157
43,159
43,164
43,168
43,169
43,170
43,173
43,174
43,182
43,183
43,184
43,185
43,186
43,189
43,190
43,192
43,193
43,194
43,195
43,198
43,199
43,202
43,205
43,207
43,210
43,217
43,219
43,224
43,226
43,227
43,228
43,230
43,233
43,234
43,236
43,239
43,242
43,247
43,251
43,253
43,254
43,257
43,258
43,259
43,261
43,265
43,267
43,268
43,269
43,271
43,272
43,275
43,276
43,277
43,279
43,280
43,285
43,288
43,290
43,291
43,293
43,294
43,295
43,303
43,304
43,305
43,306
43,307
43,308
43,309
43,315
43,316
43,318
43,320
43,322
43,323
43,324
43,325
43,326
43,328
43,329
43,334
43,335
43,338
43,339
43,341
43,342
43,343
43,344
43,348
43,350
43,356
43,358
43,359
43,360
43,363
43,364
43,365
43,370
43,378
43,379
43,380
43,381
43,385
43,386
43,388
43,390
43,396
43,397
43,401
43,403
43,404
43,406
43,408
43,409
43,410
43,413
43,419
43,420
43,421
43,422
43,424
43,425
45,1
45,7
45,8
45,20
45,22
45,23
45,25
45,27
45,31
45,32
45,35
45,38
45,39
45,41
45,46
45,47
45,48
45,53
45,54
45,56
45,58
45,61
45,63
45,68
45,70
45,71
45,73
45,78
45,79
45,80
45,81
45,86
45,87
45,89
45,92
45,93
45,94
45,99
45,100
45,103
45,115
45,117
45,118
45,121
45,128
45,131
45,135
45,139
45,148
45,150
45,151
45,155
45,156
45,157
45,159
45,164
45,168
45,169
45,170
45,173
45,174
45,182
45,183
45,184
45,185
45,186
45,189
45,190
45,192
45,193
45,194
45,195
45,198
45,199
45,202
45,205
45,207
45,210
45,217
45,219
45,224
45,226
45,227
45,228
45,230
45,233
45,234
45,236
45,239
45,242
45,247
45,251
45,253
45,254
45,257
45,258
45,259
45,261
45,265
45,267
45,268
45,269
45,271
45,272
45,275
45,276
45,277
45,279
45,280
45,285
45,288
45,290
45,291
45,293
45,294
45,295
45,303
45,304
45,305
45,306
45,307
45,308
45,309
45,315
45,316
45,318
45,320
45,322
45,323
45,324
45,325
45,326
45,328
45,329
45,334
45,335
45,338
45,339
45,341
45,342
45,343
45,344
45,348
45,350
45,356
45,358
45,359
45,360
45,363
45,364
45,365
45,370
45,378
45,379
45,380
45,381
45,385
45,386
45,388
45,390
45,396
45,397
45,401
45,403
45,404
45,406
45,408
45,409
45,410
45,413
45,419
45,420
45,421
45,422
45,424
45,425
46,1
46,7
46,8
46,20
46,22
46,23
46,25
46,27
46,31
46,32
46,35
46,38
46,39
46,41
46,46
46,47
46,48
46,53
46,54
46,56
46,58
46,61
46,63
46,68
46,70
46,71
46,73
46,78
46,79
46,80
46,81
46,86
46,87
46,89
46,92
46,93
46,94
46,99
46,100
46,103
46,115
46,117
46,118
46,121
46,128
46,131
46,135
46,139
46,148
46,150
46,151
46,155
46,156
46,157
46,159
46,164
46,168
46,169
46,170
46,173
46,174
46,182
46,183
46,184
46,185
46,186
46,189
46,190
46,192
46,193
46,194
46,195
46,198
46,199
46,202
46,205
46,207
46,210
46,217
46,219
46,224
46,226
46,227
46,228
46,230
46,233
46,234
46,236
46,239
46,242
46,247
46,251
46,253
46,254
46,257
46,258
46,259
46,261
46,265
46,267
46,268
46,269
46,271
46,272
46,275
46,276
46,277
46,279
46,280
46,285
46,288
46,290
46,291
46,293
46,294
46,295
46,303
46,304
46,305
46,306
46,307
46,308
46,309
46,315
46,316
46,318
46,320
46,322
46,323
46,324
46,325
46,326
46,328
46,329
46,334
46,335
46,338
46,339
46,341
46,342
46,343
46,344
46,348
46,350
46,356
46,358
46,359
46,360
46,363
46,364
46,365
46,370
46,378
46,379
46,380
46,381
46,385
46,386
46,388
46,390
46,396
46,397
46,401
46,403
46,404
46,406
46,408
46,409
46,410
46,413
46,419
46,420
46,421
46,422
46,424
46,425
53,1
53,7
53,8
53,20
53,22
53,23
53,25
53,27
53,31
53,32
53,35
53,38
53,39
53,41
53,46
53,47
53,48
53,53
53,54
53,56
53,58
53,61
53,63
53,68
53,70
53,71
53,73
53,78
53,79
53,80
53,81
53,86
53,87
53,89
53,92
53,93
53,94
53,99
53,100
53,103
53,115
53,117
53,118
53,121
53,128
53,131
53,135
53,139
53,148
53,150
53,151
53,155
53,156
53,157
53,159
53,164
53,168
53,169
53,170
53,173
53,174
53,182
53,183
53,184
53,185
53,186
53,189
53,190
53,192
53,193
53,194
53,195
53,198
53,199
53,202
53,205
53,207
53,210
53,217
53,219
53,224
53,226
53,227
53,228
53,230
53,233
53,234
53,236
53,239
53,242
53,247
53,251
53,253
53,254
53,257
53,258
53,259
53,261
53,265
53,267
53,268
53,269
53,271
53,272
53,275
53,276
53,277
53,279
53,280
53,285
53,288
53,290
53,291
53,293
53,294
53,295
53,303
53,304
53,305
53,306
53,307
53,308
53,309
53,315
53,316
53,318
53,320
53,322
53,323
53,324
53,325
53,326
53,328
53,329
53,334
53,335
53,338
53,339
53,341
53,342
53,343
53,344
53,348
53,350
53,356
53,358
53,359
53,360
53,363
53,364
53,365
53,370
53,378
53,379
53,380
53,381
53,385
53,386
53,388
53,390
53,396
53,397
53,401
53,403
53,404
53,406
53,408
53,409
53,410
53,413
53,419
53,420
53,421
53,422
53,424
53,425
54,1
54,7
54,8
54,20
54,22
54,23
54,25
54,27
54,31
54,32
54,35
54,38
54,39
54,41
54,46
54,47
54,48
54,53
54,54
54,56
54,58
54,61
54,63
54,68
54,70
54,71
54,73
54,78
54,79
54,80
54,81
54,86
54,87
54,89
54,92
54,93
54,94
54,99
54,100
54,103
54,115
54,117
54,118
54,121
54,128
54,131
54,135
54,139
54,148
54,150
54,151
54,155
54,156
54,157
54,159
54,164
54,168
54,169
54,170
54,173
54,174
54,182
54,183
54,184
54,185
54,186
54,189
54,190
54,192
54,193
54,194
54,195
54,198
54,199
54,202
54,205
54,207
54,210
54,217
54,219
54,224
54,226
54,227
54,228
54,230
54,233
54,234
54,236
54,239
54,242
54,247
54,251
54,253
54,254
54,257
54,258
54,259
54,261
54,265
54,267
54,268
54,269
54,271
54,272
54,275
54,276
54,277
54,279
54,280
54,285
54,288
54,290
54,291
54,293
54,294
54,295
54,303
54,304
54,305
54,306
54,307
54,308
54,309
54,315
54,316
54,318
54,320
54,322
54,323
54,324
54,325
54,326
54,328
54,329
54,334
54,335
54,338
54,339
54,341
54,342
54,343
54,344
54,348
54,350
54,356
54,358
54,359
54,360
54,363
54,364
54,365
54,370
54,378
54,379
54,380
54,381
54,385
54,386
54,388
54,390
54,396
54,397
54,401
54,403
54,404
54,406
54,408
54,409
54,410
54,413
54,419
54,420
54,421
54,422
54,424
54,425
55,1
55,7
55,8
55,20
55,22
55,23
55,25
55,27
55,31
55,32
55,35
55,38
55,39
55,41
55,46
55,47
55,48
55,53
55,54
55,56
55,58
55,61
55,63
55,68
55,70
55,71
55,73
55,78
55,79
55,80
55,81
55,86
55,87
55,89
55,92
55,93
55,94
55,99
55,100
55,103
55,115
55,117
55,118
55,121
55,128
55,131
55,135
55,139
55,148
55,150
55,151
55,155
55,156
55,157
55,159
55,164
55,168
55,169
55,170
55,173
55,174
55,182
55,183
55,184
55,185
55,186
55,189
55,190
55,192
55,193
55,194
55,195
55,198
55,199
55,202
55,205
55,207
55,210
55,217
55,219
55,224
55,226
55,227
55,228
55,230
55,233
55,234
55,236
55,239
55,242
55,247
55,251
55,253
55,254
55,257
55,258
55,259
55,261
55,265
55,267
55,268
55,269
55,271
55,272
55,275
55,276
55,277
55,279
55,280
55,285
55,288
55,290
55,291
55,293
55,294
55,295
55,303
55,304
55,305
55,306
55,307
55,308
55,309
55,315
55,316
55,318
55,320
55,322
55,323
55,324
55,325
55,326
55,328
55,329
55,334
55,335
55,338
55,339
55,341
55,342
55,343
55,344
55,348
55,350
55,356
55,358
55,359
55,360
55,363
55,364
55,365
55,370
55,378
55,379
55,380
55,381
55,385
55,386
55,388
55,390
55,396
55,397
55,401
55,403
55,404
55,406
55,408
55,409
55,410
55,413
55,419
55,420
55,421
55,422
55,424
55,425
58,1
58,7
58,8
58,20
58,22
58,23
58,25
58,27
58,31
58,32
58,35
58,38
58,39
58,41
58,46
58,47
58,48
58,53
58,54
58,56
58,58
58,61
58,63
58,68
58,70
58,71
58,73
58,78
58,79
58,80
58,81
58,86
58,87
58,89
58,92
58,93
58,94
58,99
58,100
58,103
58,115
58,117
58,118
58,121
58,128
58,131
58,135
58,139
58,148
58,150
58,151
58,155
58,156
58,157
58,159
58,164
58,168
58,169
58,170
58,173
58,174
58,182
58,183
58,184
58,185
58,186
58,189
58,190
58,192
58,193
58,194
58,195
58,198
58,199
58,202
58,205
58,207
58,210
58,217
58,219
58,224
58,226
58,227
58,228
58,230
58,233
58,234
58,236
58,239
58,242
58,247
58,251
58,253
58,254
58,257
58,258
58,259
58,261
58,265
58,267
58,268
58,269
58,271
58,272
58,275
58,276
58,277
58,279
58,280
58,285
58,288
58,290
58,291
58,293
58,294
58,295
58,303
58,304
58,305
58,306
58,307
58,308
58,309
58,315
58,316
58,318
58,320
58,322
58,323
58,324
58,325
58,326
58,328
58,329
58,334
58,335
58,338
58,339
58,341
58,342
58,343
58,344
58,348
58,350
58,356
58,358
58,359
58,360
58,363
58,364
58,365
58,370
58,378
58,379
58,380
58,381
58,385
58,386
58,388
58,390
58,396
58,397
58,401
58,403
58,404
58,406
58,408
58,409
58,410
58,413
58,419
58,420
58,421
58,422
58,424
58,425
60,1
60,7
60,8
60,20
60,22
60,23
60,25
60,27
60,31
60,32
60,35
60,38
60,39
60,41
60,46
60,47
60,48
60,53
60,54
60,56
60,58
60,61
60,63
60,68
60,70
60,71
60,73
60,78
60,79
60,80
60,81
60,86
60,87
60,89
60,92
60,93
60,94
60,99
60,100
60,103
60,115
60,117
60,118
60,121
60,128
60,131
60,135
60,139
60,148
60,150
60,151
60,155
60,156
60,157
60,159
60,164
60,168
60,169
60,170
60,173
60,174
60,182
60,183
60,184
60,185
60,186
60,189
60,190
60,192
60,193
60,194
60,195
60,198
60,199
60,202
60,205
60,207
60,210
60,217
60,219
60,224
60,226
60,227
60,228
60,230
60,233
60,234
60,236
60,239
60,242
60,247
60,251
60,253
60,254
60,257
60,258
60,259
60,261
60,265
60,267
60,268
60,269
60,271
60,272
60,275
60,276
60,277
60,279
60,280
60,285
60,288
60,290
60,291
60,293
60,294
60,295
60,303
60,304
60,305
60,306
60,307
60,308
60,309
60,315
60,316
60,318
60,320
60,322
60,323
60,324
60,325
60,326
60,328
60,329
60,334
60,335
60,338
60,339
60,341
60,342
60,343
60,344
60,348
60,350
60,356
60,358
60,359
60,360
60,363
60,364
60,365
60,370
60,378
60,379
60,380
60,381
60,385
60,386
60,388
60,390
60,396
60,397
60,401
60,403
60,404
60,406
60,408
60,409
60,410
60,413
60,419
60,420
60,421
60,422
60,424
60,425
63,1
63,7
63,8
63,20
63,22
63,23
63,25
63,27
63,31
63,32
63,35
63,38
63,39
63,41
63,46
63,47
63,48
63,53
63,54
63,56
63,58
63,61
63,63
63,68
63,70
63,71
63,73
63,78
63,79
63,80
63,81
63,86
63,87
63,89
63,92
63,93
63,94
63,99
63,100
63,103
63,115
63,117
63,118
63,121
63,128
63,131
63,135
63,139
63,148
63,150
63,151
63,155
63,156
63,157
63,159
63,164
63,168
63,169
63,170
63,173
63,174
63,182
63,183
63,184
63,185
63,186
63,189
63,190
63,192
63,193
63,194
63,195
63,198
63,199
63,202
63,205
63,207
63,210
63,217
63,219
63,224
63,226
63,227
63,228
63,230
63,233
63,234
63,236
63,239
63,242
63,247
63,251
63,253
63,254
63,257
63,258
63,259
63,261
63,265
63,267
63,268
63,269
63,271
63,272
63,275
63,276
63,277
63,279
63,280
63,285
63,288
63,290
63,291
63,293
63,294
63,295
63,303
63,304
63,305
63,306
63,307
63,308
63,309
63,315
63,316
63,318
63,320
63,322
63,323
63,324
63,325
63,326
63,328
63,329
63,334
63,335
63,338
63,339
63,341
63,342
63,343
63,344
63,348
63,350
63,356
63,358
63,359
63,360
63,363
63,364
63,365
63,370
63,378
63,379
63,380
63,381
63,385
63,386
63,388
63,390
63,396
63,397
63,401
63,403
63,404
63,406
63,408
63,409
63,410
63,413
63,419
63,420
63,421
63,422
63,424
63,425
64,1
64,7
64,8
64,20
64,22
64,23
64,25
64,27
64,31
64,32
64,35
64,38
64,39
64,41
64,46
64,47
64,48
64,53
64,54
64,56
64,58
64,61
64,63
64,68
64,70
64,71
64,73
64,78
64,79
64,80
64,81
64,86
64,87
64,89
64,92
64,93
64,94
64,99
64,100
64,103
64,115
64,117
64,118
64,121
64,128
64,131
64,135
64,139
64,148
64,150
64,151
64,155
64,156
64,157
64,159
64,164
64,168
64,169
64,170
64,173
64,174
64,182
64,183
64,184
64,185
64,186
64,189
64,190
64,192
64,193
64,194
64,195
64,198
64,199
64,202
64,205
64,207
64,210
64,217
64,219
64,224
64,226
64,227
64,228
64,230
64,233
64,234
64,236
64,239
64,242
64,247
64,251
64,253
64,254
64,257
64,258
64,259
64,261
64,265
64,267
64,268
64,269
64,271
64,272
64,275
64,276
64,277
64,279
64,280
64,285
64,288
64,290
64,291
64,293
64,294
64,295
64,303
64,304
64,305
64,306
64,307
64,308
64,309
64,315
64,316
64,318
64,320
64,322
64,323
64,324
64,325
64,326
64,328
64,329
64,334
64,335
64,338
64,339
64,341
64,342
64,343
64,344
64,348
64,350
64,356
64,358
64,359
64,360
64,363
64,364
64,365
64,370
64,378
64,379
64,380
64,381
64,385
64,386
64,388
64,390
64,396
64,397
64,401
64,403
64,404
64,406
64,408
64,409
64,410
64,413
64,419
64,420
64,421
64,422
64,424
64,425
67,1
67,7
67,8
67,20
67,22
67,23
67,25
67,27
67,31
67,32
67,35
67,38
67,39
67,41
67,46
67,47
67,48
67,53
67,54
67,56
67,58
67,61
67,63
67,68
67,70
67,71
67,73
67,78
67,79
67,80
67,81
67,86
67,87
67,89
67,92
67,93
67,94
67,99
67,100
67,103
67,115
67,117
67,118
67,121
67,128
67,131
67,135
67,139
67,148
67,150
67,151
67,155
67,156
67,157
67,159
67,164
67,168
67,169
67,170
67,173
67,174
67,182
67,183
67,184
67,185
67,186
67,189
67,190
67,192
67,193
67,194
67,195
67,198
67,199
67,202
67,205
67,207
67,210
67,217
67,219
67,224
67,226
67,227
67,228
67,230
67,233
67,234
67,236
67,239
67,242
67,247
67,251
67,253
67,254
67,257
67,258
67,259
67,261
67,265
67,267
67,268
67,269
67,271
67,272
67,275
67,276
67,277
67,279
67,280
67,285
67,288
67,290
67,291
67,293
67,294
67,295
67,303
67,304
67,305
67,306
67,307
67,308
67,309
67,315
67,316
67,318
67,320
67,322
67,323
67,324
67,325
67,326
67,328
67,329
67,334
67,335
67,338
67,339
67,341
67,342
67,343
67,344
67,348
67,350
67,356
67,358
67,359
67,360
67,363
67,364
67,365
67,370
67,378
67,379
67,380
67,381
67,385
67,386
67,388
67,390
67,396
67,397
67,401
67,403
67,404
67,406
67,408
67,409
67,410
67,413
67,419
67,420
67,421
67,422
67,424
67,425
68,1
68,7
68,8
68,20
68,22
68,23
68,25
68,27
68,31
68,32
68,35
68,38
68,39
68,41
68,46
68,47
68,48
68,53
68,54
68,56
68,58
68,61
68,63
68,68
68,70
68,71
68,73
68,78
68,79
68,80
68,81
68,86
68,87
68,89
68,92
68,93
68,94
68,99
68,100
68,103
68,115
68,117
68,118
68,121
68,128
68,131
68,135
68,139
68,148
68,150
68,151
68,155
68,156
68,157
68,159
68,164
68,168
68,169
68,170
68,173
68,174
68,182
68,183
68,184
68,185
68,186
68,189
68,190
68,192
68,193
68,194
68,195
68,198
68,199
68,202
68,205
68,207
68,210
68,217
68,219
68,224
68,226
68,227
68,228
68,230
68,233
68,234
68,236
68,239
68,242
68,247
68,251
68,253
68,254
68,257
68,258
68,259
68,261
68,265
68,267
68,268
68,269
68,271
68,272
68,275
68,276
68,277
68,279
68,280
68,285
68,288
68,290
68,291
68,293
68,294
68,295
68,303
68,304
68,305
68,306
68,307
68,308
68,309
68,315
68,316
68,318
68,320
68,322
68,323
68,324
68,325
68,326
68,328
68,329
68,334
68,335
68,338
68,339
68,341
68,342
68,343
68,344
68,348
68,350
68,356
68,358
68,359
68,360
68,363
68,364
68,365
68,370
68,378
68,379
68,380
68,381
68,385
68,386
68,388
68,390
68,396
68,397
68,401
68,403
68,404
68,406
68,408
68,409
68,410
68,413
68,419
68,420
68,421
68,422
68,424
68,425
69,1
69,7
69,8
69,20
69,22
69,23
69,25
69,27
69,31
69,32
69,35
69,38
69,39
69,41
69,46
69,47
69,48
69,53
69,54
69,56
69,58
69,61
69,63
69,68
69,70
69,71
69,73
69,78
69,79
69,80
69,81
69,86
69,87
69,89
69,92
69,93
69,94
69,99
69,100
69,103
69,115
69,117
69,118
69,121
69,128
69,131
69,135
69,139
69,148
69,150
69,151
69,155
69,156
69,157
69,159
69,164
69,168
69,169
69,170
69,173
69,174
69,182
69,183
69,184
69,185
69,186
69,189
69,190
69,192
69,193
69,194
69,195
69,198
69,199
69,202
69,205
69,207
69,210
69,217
69,219
69,224
69,226
69,227
69,228
69,230
69,233
69,234
69,236
69,239
69,242
69,247
69,251
69,253
69,254
69,257
69,258
69,259
69,261
69,265
69,267
69,268
69,269
69,271
69,272
69,275
69,276
69,277
69,279
69,280
69,285
69,288
69,290
69,291
69,293
69,294
69,295
69,303
69,304
69,305
69,306
69,307
69,308
69,309
69,315
69,316
69,318
69,320
69,322
69,323
69,324
69,325
69,326
69,328
69,329
69,334
69,335
69,338
69,339
69,341
69,342
69,343
69,344
69,348
69,350
69,356
69,358
69,359
69,360
69,363
69,364
69,365
69,370
69,378
69,379
69,380
69,381
69,385
69,386
69,388
69,390
69,396
69,397
69,401
69,403
69,404
69,406
69,408
69,409
69,410
69,413
69,419
69,420
69,421
69,422
69,424
69,425
70,1
70,7
70,8
70,20
70,22
70,23
70,25
70,27
70,31
70,32
70,35
70,38
70,39
70,41
70,46
70,47
70,48
70,53
70,54
70,56
70,58
70,61
70,63
70,68
70,70
70,71
70,73
70,78
70,79
70,80
70,81
70,86
70,87
70,89
70,92
70,93
70,94
70,99
70,100
70,103
70,115
70,117
70,118
70,121
70,128
70,131
70,135
70,139
70,148
70,150
70,151
70,155
70,156
70,157
70,159
70,164
70,168
70,169
70,170
70,173
70,174
70,182
70,183
70,184
70,185
70,186
70,189
70,190
70,192
70,193
70,194
70,195
70,198
70,199
70,202
70,205
70,207
70,210
70,217
70,219
70,224
70,226
70,227
70,228
70,230
70,233
70,234
70,236
70,239
70,242
70,247
70,251
70,253
70,254
70,257
70,258
70,259
70,261
70,265
70,267
70,268
70,269
70,271
70,272
70,275
70,276
70,277
70,279
70,280
70,285
70,288
70,290
70,291
70,293
70,294
70,295
70,303
70,304
70,305
70,306
70,307
70,308
70,309
70,315
70,316
70,318
70,320
70,322
70,323
70,324
70,325
70,326
70,328
70,329
70,334
70,335
70,338
70,339
70,341
70,342
70,343
70,344
70,348
70,350
70,356
70,358
70,359
70,360
70,363
70,364
70,365
70,370
70,378
70,379
70,380
70,381
70,385
70,386
70,388
70,390
70,396
70,397
70,401
70,403
70,404
70,406
70,408
70,409
70,410
70,413
70,419
70,420
70,421
70,422
70,424
70,425
71,1
71,7
71,8
71,20
71,22
71,23
71,25
71,27
71,31
71,32
71,35
71,38
71,39
71,41
71,46
71,47
71,48
71,53
71,54
71,56
71,58
71,61
71,63
71,68
71,70
71,71
71,73
71,78
71,79
71,80
71,81
71,86
71,87
71,89
71,92
71,93
71,94
71,99
71,100
71,103
71,115
71,117
71,118
71,121
71,128
71,131
71,135
71,139
71,148
71,150
71,151
71,155
71,156
71,157
71,159
71,164
71,168
71,169
71,170
71,173
71,174
71,182
71,183
71,184
71,185
71,186
71,189
71,190
71,192
71,193
71,194
71,195
71,198
71,199
71,202
71,205
71,207
71,210
71,217
71,219
71,224
71,226
71,227
71,228
71,230
71,233
71,234
71,236
71,239
71,242
71,247
71,251
71,253
71,254
71,257
71,258
71,259
71,261
71,265
71,267
71,268
71,269
71,271
71,272
71,275
71,276
71,277
71,279
71,280
71,285
71,288
71,290
71,291
71,293
71,294
71,295
71,303
71,304
71,305
71,306
71,307
71,308
71,309
71,315
71,316
71,318
71,320
71,322
71,323
71,324
71,325
71,326
71,328
71,329
71,334
71,335
71,338
71,339
71,341
71,342
71,343
71,344
71,348
71,350
71,356
71,358
71,359
71,360
71,363
71,364
71,365
71,370
71,378
71,379
71,380
71,381
71,385
71,386
71,388
71,390
71,396
71,397
71,401
71,403
71,404
71,406
71,408
71,409
71,410
71,413
71,419
71,420
71,421
71,422
71,424
71,425
72,1
72,7
72,8
72,20
72,22
72,23
72,25
72,27
72,31
72,32
72,35
72,38
72,39
72,41
72,46
72,47
72,48
72,53
72,54
72,56
72,58
72,61
72,63
72,68
72,70
72,71
72,73
72,78
72,79
72,80
72,81
72,86
72,87
72,89
72,92
72,93
72,94
72,99
72,100
72,103
72,115
72,117
72,118
72,121
72,128
72,131
72,135
72,139
72,148
72,150
72,151
72,155
72,156
72,157
72,159
72,164
72,168
72,169
72,170
72,173
72,174
72,182
72,183
72,184
72,185
72,186
72,189
72,190
72,192
72,193
72,194
72,195
72,198
72,199
72,202
72,205
72,207
72,210
72,217
72,219
72,224
72,226
72,227
72,228
72,230
72,233
72,234
72,236
72,239
72,242
72,247
72,251
72,253
72,254
72,257
72,258
72,259
72,261
72,265
72,267
72,268
72,269
72,271
72,272
72,275
72,276
72,277
72,279
72,280
72,285
72,288
72,290
72,291
72,293
72,294
72,295
72,303
72,304
72,305
72,306
72,307
72,308
72,309
72,315
72,316
72,318
72,320
72,322
72,323
72,324
72,325
72,326
72,328
72,329
72,334
72,335
72,338
72,339
72,341
72,342
72,343
72,344
72,348
72,350
72,356
72,358
72,359
72,360
72,363
72,364
72,365
72,370
72,378
72,379
72,380
72,381
72,385
72,386
72,388
72,390
72,396
72,397
72,401
72,403
72,404
72,406
72,408
72,409
72,410
72,413
72,419
72,420
72,421
72,422
72,424
72,425
76,1
76,7
76,8
76,20
76,22
76,23
76,25
76,27
76,31
76,32
76,35
76,38
76,39
76,41
76,46
76,47
76,48
76,53
76,54
76,56
76,58
76,61
76,63
76,68
76,70
76,71
76,73
76,78
76,79
76,80
76,81
76,86
76,87
76,89
76,92
76,93
76,94
76,99
76,100
76,103
76,115
76,117
76,118
76,121
76,128
76,131
76,135
76,139
76,148
76,150
76,151
76,155
76,156
76,157
76,159
76,164
76,168
76,169
76,170
76,173
76,174
76,182
76,183
76,184
76,185
76,186
76,189
76,190
76,192
76,193
76,194
76,195
76,198
76,199
76,202
76,205
76,207
76,210
76,217
76,219
76,224
76,226
76,227
76,228
76,230
76,233
76,234
76,236
76,239
76,242
76,247
76,251
76,253
76,254
76,257
76,258
76,259
76,261
76,265
76,267
76,268
76,269
76,271
76,272
76,275
76,276
76,277
76,279
76,280
76,285
76,288
76,290
76,291
76,293
76,294
76,295
76,303
76,304
76,305
76,306
76,307
76,308
76,309
76,315
76,316
76,318
76,320
76,322
76,323
76,324
76,325
76,326
76,328
76,329
76,334
76,335
76,338
76,339
76,341
76,342
76,343
76,344
76,348
76,350
76,356
76,358
76,359
76,360
76,363
76,364
76,365
76,370
76,378
76,379
76,380
76,381
76,385
76,386
76,388
76,390
76,396
76,397
76,401
76,403
76,404
76,406
76,408
76,409
76,410
76,413
76,419
76,420
76,421
76,422
76,424
76,425
78,1
78,7
78,8
78,20
78,22
78,23
78,25
78,27
78,31
78,32
78,35
78,38
78,39
78,41
78,46
78,47
78,48
78,53
78,54
78,56
78,58
78,61
78,63
78,68
78,70
78,71
78,73
78,78
78,79
78,80
78,81
78,86
78,87
78,89
78,92
78,93
78,94
78,99
78,100
78,103
78,115
78,117
78,118
78,121
78,128
78,131
78,135
78,139
78,148
78,150
78,151
78,155
78,156
78,157
78,159
78,164
78,168
78,169
78,170
78,173
78,174
78,182
78,183
78,184
78,185
78,186
78,189
78,190
78,192
78,193
78,194
78,195
78,198
78,199
78,202
78,205
78,207
78,210
78,217
78,219
78,224
78,226
78,227
78,228
78,230
78,233
78,234
78,236
78,239
78,242
78,247
78,251
78,253
78,254
78,257
78,258
78,259
78,261
78,265
78,267
78,268
78,269
78,271
78,272
78,275
78,276
78,277
78,279
78,280
78,285
78,288
78,290
78,291
78,293
78,294
78,295
78,303
78,304
78,305
78,306
78,307
78,308
78,309
78,315
78,316
78,318
78,320
78,322
78,323
78,324
78,325
78,326
78,328
78,329
78,334
78,335
78,338
78,339
78,341
78,342
78,343
78,344
78,348
78,350
78,356
78,358
78,359
78,360
78,363
78,364
78,365
78,370
78,378
78,379
78,380
78,381
78,385
78,386
78,388
78,390
78,396
78,397
78,401
78,403
78,404
78,406
78,408
78,409
78,410
78,413
78,419
78,420
78,421
78,422
78,424
78,425
80,1
80,7
80,8
80,20
80,22
80,23
80,25
80,27
80,31
80,32
80,35
80,38
80,39
80,41
80,46
80,47
80,48
80,53
80,54
80,56
80,58
80,61
80,63
80,68
80,70
80,71
80,73
80,78
80,79
80,80
80,81
80,86
80,87
80,89
80,92
80,93
80,94
80,99
80,100
80,103
80,115
80,117
80,118
80,121
80,128
80,131
80,135
80,139
80,148
80,150
80,151
80,155
80,156
80,157
80,159
80,164
80,168
80,169
80,170
80,173
80,174
80,182
80,183
80,184
80,185
80,186
80,189
80,190
80,192
80,193
80,194
80,195
80,198
80,199
80,202
80,205
80,207
80,210
80,217
80,219
80,224
80,226
80,227
80,228
80,230
80,233
80,234
80,236
80,239
80,242
80,247
80,251
80,253
80,254
80,257
80,258
80,259
80,261
80,265
80,267
80,268
80,269
80,271
80,272
80,275
80,276
80,277
80,279
80,280
80,285
80,288
80,290
80,291
80,293
80,294
80,295
80,303
80,304
80,305
80,306
80,307
80,308
80,309
80,315
80,316
80,318
80,320
80,322
80,323
80,324
80,325
80,326
80,328
80,329
80,334
80,335
80,338
80,339
80,341
80,342
80,343
80,344
80,348
80,350
80,356
80,358
80,359
80,360
80,363
80,364
80,365
80,370
80,378
80,379
80,380
80,381
80,385
80,386
80,388
80,390
80,396
80,397
80,401
80,403
80,404
80,406
80,408
80,409
80,410
80,413
80,419
80,420
80,421
80,422
80,424
80,425
81,1
81,7
81,8
81,20
81,22
81,23
81,25
81,27
81,31
81,32
81,35
81,38
81,39
81,41
81,46
81,47
81,48
81,53
81,54
81,56
81,58
81,61
81,63
81,68
81,70
81,71
81,73
81,78
81,79
81,80
81,81
81,86
81,87
81,89
81,92
81,93
81,94
81,99
81,100
81,103
81,115
81,117
81,118
81,121
81,128
81,131
81,135
81,139
81,148
81,150
81,151
81,155
81,156
81,157
81,159
81,164
81,168
81,169
81,170
81,173
81,174
81,182
81,183
81,184
81,185
81,186
81,189
81,190
81,192
81,193
81,194
81,195
81,198
81,199
81,202
81,205
81,207
81,210
81,217
81,219
81,224
81,226
81,227
81,228
81,230
81,233
81,234
81,236
81,239
81,242
81,247
81,251
81,253
81,254
81,257
81,258
81,259
81,261
81,265
81,267
81,268
81,269
81,271
81,272
81,275
81,276
81,277
81,279
81,280
81,285
81,288
81,290
81,291
81,293
81,294
81,295
81,303
81,304
81,305
81,306
81,307
81,308
81,309
81,315
81,316
81,318
81,320
81,322
81,323
81,324
81,325
81,326
81,328
81,329
81,334
81,335
81,338
81,339
81,341
81,342
81,343
81,344
81,348
81,350
81,356
81,358
81,359
81,360
81,363
81,364
81,365
81,370
81,378
81,379
81,380
81,381
81,385
81,386
81,388
81,390
81,396
81,397
81,401
81,403
81,404
81,406
81,408
81,409
81,410
81,413
81,419
81,420
81,421
81,422
81,424
81,425
82,1
82,7
82,8
82,20
82,22
82,23
82,25
82,27
82,31
82,32
82,35
82,38
82,39
82,41
82,46
82,47
82,48
82,53
82,54
82,56
82,58
82,61
82,63
82,68
82,70
82,71
82,73
82,78
82,79
82,80
82,81
82,86
82,87
82,89
82,92
82,93
82,94
82,99
82,100
82,103
82,115
82,117
82,118
82,121
82,128
82,131
82,135
82,139
82,148
82,150
82,151
82,155
82,156
82,157
82,159
82,164
82,168
82,169
82,170
82,173
82,174
82,182
82,183
82,184
82,185
82,186
82,189
82,190
82,192
82,193
82,194
82,195
82,198
82,199
82,202
82,205
82,207
82,210
82,217
82,219
82,224
82,226
82,227
82,228
82,230
82,233
82,234
82,236
82,239
82,242
82,247
82,251
82,253
82,254
82,257
82,258
82,259
82,261
82,265
82,267
82,268
82,269
82,271
82,272
82,275
82,276
82,277
82,279
82,280
82,285
82,288
82,290
82,291
82,293
82,294
82,295
82,303
82,304
82,305
82,306
82,307
82,308
82,309
82,315
82,316
82,318
82,320
82,322
82,323
82,324
82,325
82,326
82,328
82,329
82,334
82,335
82,338
82,339
82,341
82,342
82,343
82,344
82,348
82,350
82,356
82,358
82,359
82,360
82,363
82,364
82,365
82,370
82,378
82,379
82,380
82,381
82,385
82,386
82,388
82,390
82,396
82,397
82,401
82,403
82,404
82,406
82,408
82,409
82,410
82,413
82,419
82,420
82,421
82,422
82,424
82,425